Time,Open,High,Low,Last,Change
04/09/2021,3304.7,3372.2,3288.9,3372.2,72.9
04/08/2021,3310.9,3324.5,3292,3299.3,19.91
04/07/2021,3233.8,3303.612,3223.65,3279.39,55.57
04/06/2021,3223.75,3247.31,3217.04,3223.82,-2.91
04/05/2021,3173,3235.955,3161.24,3226.73,65.73
04/01/2021,3117.94,3162.44,3115.55,3161,66.92
03/31/2021,3064.06,3119.33,3062.5,3094.08,38.79
03/30/2021,3070.01,3073,3034,3055.29,-20.44
03/29/2021,3055.44,3091.25,3028.445,3075.73,23.7
03/26/2021,3044.06,3056.66,2996,3052.03,5.77
03/25/2021,3072.99,3109.78,3037.14,3046.26,-40.81
03/24/2021,3151.04,3160.31,3085.15,3087.07,-50.43
03/23/2021,3127,3182,3120.85,3137.5,26.63
03/22/2021,3067.85,3126.58,3060.05,3110.87,35.91
03/19/2021,3029.23,3077.285,3016.63,3074.96,46.97
03/18/2021,3101,3116.63,3025,3027.99,-107.74
03/17/2021,3073.22,3173.05,3070.22,3135.73,43.87
03/16/2021,3104.97,3128.91,3075.86,3091.86,10.18
03/15/2021,3074.57,3082.24,3032.09,3081.68,-7.81
03/12/2021,3075,3098.98,3045.5,3089.49,-24.1
03/11/2021,3104.01,3131.784,3082.93,3113.59,55.95
03/10/2021,3098.45,3116.46,3030.05,3057.64,-5.21
03/09/2021,3017.99,3090.96,3005.147,3062.85,110.9
03/08/2021,3015,3064.59,2951.31,2951.95,-48.51
03/05/2021,3005,3009,2881,3000.46,22.89
03/04/2021,3012,3058.13,2945.43,2977.57,-27.43
03/03/2021,3081.18,3107.775,2995,3005,-89.53
03/02/2021,3143.47,3163.52,3087.12,3094.53,-51.61
03/01/2021,3127.89,3149.56,3097.99,3146.14,53.21
02/26/2021,3095.2,3122.44,3036.7,3092.93,35.77
02/25/2021,3136.74,3178.26,3047.76,3057.16,-102.37
02/24/2021,3166.75,3171.23,3125.38,3159.53,-34.97
02/23/2021,3125.64,3204.73,3093.6,3194.5,13.76
02/22/2021,3208.13,3232.32,3172.26,3180.74,-69.16
02/19/2021,3328.23,3333.5,3245.75,3249.9,-78.33
02/18/2021,3282.42,3338,3273.94,3328.23,19.59
02/17/2021,3264.167,3320.91,3259.5,3308.64,39.69
02/16/2021,3254.05,3308.3,3253.591,3268.95,-8.76
02/12/2021,3250,3280.25,3233.31,3277.71,15.58
02/11/2021,3292,3292,3248.06,3262.13,-24.45
02/10/2021,3314,3317.955,3254,3286.58,-18.42
02/09/2021,3312.49,3338,3297.84,3305,-17.94
02/08/2021,3358.5,3365,3304,3322.94,-29.21
02/05/2021,3319,3377,3302.71,3352.15,21.15
02/04/2021,3330,3347,3277.75,3331,18.47
02/03/2021,3425.01,3434,3308.62,3312.53,-67.47
02/02/2021,3380,3427.74,3361.125,3380,37.12
02/01/2021,3242.36,3350.26,3235.025,3342.88,136.68
01/29/2021,3230,3236.99,3184.55,3206.2,-31.42
01/28/2021,3235.04,3301.68,3228.69,3237.62,5.04
01/27/2021,3341.49,3346.52,3207.08,3232.58,-93.55
01/26/2021,3296.36,3338,3282.87,3326.13,32.13
01/25/2021,3328.5,3363.89,3243.146,3294,1.77
01/22/2021,3304.31,3321.91,3283.164,3292.23,-14.76
01/21/2021,3293,3348.55,3289.567,3306.99,43.61
01/20/2021,3181.99,3279.8,3175,3263.38,142.62
01/19/2021,3107,3145,3096,3120.76,16.51
01/15/2021,3123.02,3142.545,3095.17,3104.25,-23.22
01/14/2021,3167.52,3178,3120.59,3127.47,-38.42
01/13/2021,3128.44,3189.95,3122.08,3165.89,45.06
01/12/2021,3120,3142.142,3086,3120.83,6.62
01/11/2021,3148.01,3156.384,3110,3114.21,-68.49
01/08/2021,3180,3190.64,3142.2,3182.7,20.54
01/07/2021,3157,3208.542,3155,3162.16,23.78
01/06/2021,3146.48,3197.509,3131.16,3138.38,-80.13
01/05/2021,3166.01,3223.38,3165.06,3218.51,31.88
01/04/2021,3270,3272,3144.02,3186.63,-70.3
12/31/2020,3275,3282.922,3241.2,3256.93,-28.92
12/30/2020,3341,3342.1,3282.47,3285.85,-36.15
12/29/2020,3309.94,3350.65,3281.223,3322,38.04
12/28/2020,3194,3304,3172.69,3283.96,111.27
12/24/2020,3193.9,3202,3169,3172.69,-12.58
12/23/2020,3205,3210.13,3184.17,3185.27,-21.25
12/22/2020,3202.84,3222,3180.08,3206.52,0.34
12/21/2020,3200.01,3226.967,3166,3206.18,4.53
12/18/2020,3243.99,3249.42,3171.6,3201.65,-34.43
12/17/2020,3250,3263.51,3221,3236.08,-4.88
12/16/2020,3176.01,3247,3163.68,3240.96,75.84
12/15/2020,3181.01,3188.5,3130.49,3165.12,8.15
12/14/2020,3143,3190.47,3126,3156.97,40.55
12/11/2020,3096.66,3118.67,3072.82,3116.42,14.93
12/10/2020,3088.99,3142.1,3076,3101.49,-2.71
12/09/2020,3167.89,3174.43,3088,3104.2,-73.09
12/08/2020,3158.9,3184.13,3120.02,3177.29,19.29
12/07/2020,3156.48,3180.76,3141.69,3158,-4.58
12/04/2020,3198.21,3198.21,3158.76,3162.58,-24.15
12/03/2020,3205.46,3228.64,3181.31,3186.73,-16.8
12/02/2020,3221.65,3232,3173.26,3203.53,-16.55
12/01/2020,3188.5,3248.95,3157.18,3220.08,52.04
11/30/2020,3208.48,3228.39,3125.55,3168.04,-27.3
11/27/2020,3211.26,3216.19,3190.05,3195.34,10.27
11/25/2020,3141.87,3198,3140.26,3185.07,67.01
11/24/2020,3100.5,3134.25,3086.258,3118.06,19.67
11/23/2020,3116.7,3139.745,3065.46,3098.39,-1.01
11/20/2020,3117.02,3132.89,3098.046,3099.4,-17.62
11/19/2020,3105.31,3125,3080.92,3117.02,11.56
11/18/2020,3134,3140,3105.1,3105.46,-30.2
11/17/2020,3183.54,3189.25,3135.26,3135.66,4.6
11/16/2020,3093.2,3142.7,3072.685,3131.06,2.25
11/13/2020,3122,3141.723,3085.39,3128.81,18.53
11/12/2020,3159.95,3175.88,3086.05,3110.28,-27.11
11/11/2020,3061.78,3139.145,3050,3137.39,102.37
11/10/2020,3095.02,3114,3019.483,3035.02,-108.72
11/09/2020,3211,3289,3112.106,3143.74,-167.63
11/06/2020,3304.64,3322,3232,3311.37,-10.63
11/05/2020,3319.97,3366.8,3288.88,3322,80.84
11/04/2020,3159.99,3244.85,3139.73,3241.16,192.75
11/03/2020,3018.53,3074.9,2980.98,3048.41,43.93
11/02/2020,3061.74,3079.705,2950.12,3004.48,-31.67
10/30/2020,3157.75,3167.004,3019,3036.15,-174.86
10/29/2020,3201.27,3257.25,3164,3211.01,48.23
10/28/2020,3249.3,3264.02,3162.47,3162.78,-123.55
10/27/2020,3224.94,3291.66,3211.3,3286.33,79.29
10/26/2020,3198.74,3282.98,3153.3,3207.04,2.64
10/23/2020,3191,3205.33,3140,3204.4,28
10/22/2020,3189.87,3198.75,3121.94,3176.4,-8.54
10/21/2020,3212.5,3233.875,3160,3184.94,-32.07
10/20/2020,3222.28,3266,3192.01,3217.01,9.8
10/19/2020,3299.61,3329,3192.735,3207.21,-65.5
10/16/2020,3363.23,3399.661,3160,3272.71,-65.94
10/15/2020,3292.01,3355.88,3280,3338.65,-25.06
10/14/2020,3447,3464.88,3340,3363.71,-79.92
10/13/2020,3467.99,3492.38,3424.217,3443.63,0.7
10/12/2020,3349.94,3496.24,3339.55,3442.93,156.28
10/09/2020,3210,3288.99,3197.83,3286.65,96.1
10/08/2020,3224.99,3233.294,3174.99,3190.55,-5.14
10/07/2020,3135,3200,3132.385,3195.69,95.73
10/06/2020,3165,3182,3090,3099.96,-99.24
10/05/2020,3145.84,3202.53,3140.85,3199.2,74.2
10/02/2020,3153.63,3195.796,3123,3125,-96.26
10/01/2020,3208,3224,3172,3221.26,72.53
09/30/2020,3141.14,3212.88,3133.99,3148.73,3.85
09/29/2020,3175.39,3188.26,3132.54,3144.88,-29.17
09/28/2020,3148.85,3175.04,3117.168,3174.05,78.92
09/25/2020,3054.86,3101.54,2999,3095.13,75.34
09/24/2020,2977.79,3069.3,2965,3019.79,19.93
09/23/2020,3120.43,3126.999,2992.376,2999.86,-129.13
09/22/2020,3033.83,3133.99,3000.2,3128.99,168.52
09/21/2020,2906.5,2962,2871,2960.47,5.56
09/18/2020,3031.74,3037.8,2905.54,2954.91,-53.82
09/17/2020,3009.25,3029.432,2972.55,3008.73,-69.37
09/16/2020,3179.99,3187.238,3074.15,3078.1,-78.03
09/15/2020,3136.16,3175.02,3108.92,3156.13,53.16
09/14/2020,3172.94,3187.39,3096,3102.97,-13.25
09/11/2020,3208.69,3217.341,3083.98,3116.22,-58.89
09/10/2020,3307.22,3349.89,3170.55,3175.11,-93.5
09/09/2020,3202.99,3303.175,3185,3268.61,118.77
09/08/2020,3144,3250.845,3130,3149.84,-144.78
09/04/2020,3318,3381.5,3111.13,3294.62,-73.38
09/03/2020,3485,3488.41,3303,3368,-163.45
09/02/2020,3547,3552.25,3486.685,3531.45,32.33
09/01/2020,3489.58,3513.87,3467,3499.12,48.16
08/31/2020,3408.99,3495,3405,3450.96,49.16
08/28/2020,3423,3433.37,3386.5,3401.8,1.8
08/27/2020,3450.05,3453,3378,3400,-41.85
08/26/2020,3351.11,3451.739,3344.568,3441.85,95.36
08/25/2020,3294.99,3357.4,3267,3346.49,39.03
08/24/2020,3310.15,3380.315,3257.561,3307.46,22.74
08/21/2020,3295,3314.396,3275.39,3284.72,-12.65
08/20/2020,3252,3312.62,3238,3297.37,36.89
08/19/2020,3303.01,3315.9,3256,3260.48,-52.01
08/18/2020,3212,3320,3205.819,3312.49,130.08
08/17/2020,3173.12,3194.97,3154.177,3182.41,34.39
08/14/2020,3178.18,3178.236,3120,3148.02,-13
08/13/2020,3182.99,3217.521,3155,3161.02,-1.22
08/12/2020,3108,3174.385,3101.42,3162.24,81.57
08/11/2020,3113.2,3159.22,3073,3080.67,-67.49
08/10/2020,3170.31,3172.51,3101.52,3148.16,-19.3
08/07/2020,3224.01,3240.81,3140.673,3167.46,-57.54
08/06/2020,3194.36,3247.47,3165.43,3225,19.97
08/05/2020,3143.77,3213.586,3127.3,3205.03,66.2
08/04/2020,3101.21,3167.24,3101.21,3138.83,26.94
08/03/2020,3180.51,3184,3104,3111.89,-52.79
07/31/2020,3244,3246.82,3151,3164.68,112.8
07/30/2020,3014,3092,3005,3051.88,18.35
07/29/2020,3030.99,3039.159,2996.77,3033.53,33.2
07/28/2020,3054.27,3077.093,2995.76,3000.33,-54.88
07/27/2020,3062,3098,3015.77,3055.21,46.3
07/24/2020,2930,3031.58,2888,3008.91,22.36
07/23/2020,3098.27,3098.271,2970,2986.55,-113.36
07/22/2020,3125,3150,3065.26,3099.91,-38.38
07/21/2020,3232.49,3240.576,3105.72,3138.29,-58.55
07/20/2020,3000.2,3201.36,2994.017,3196.84,234.87
07/17/2020,3009,3024,2948.45,2961.97,-37.93
07/16/2020,2971.06,3032,2918.23,2999.9,-8.97
07/15/2020,3080.23,3098.35,2973.18,3008.87,-75.13
07/14/2020,3089,3127.38,2950,3084,-20
07/13/2020,3251.06,3344.29,3068.39,3104,-96
07/10/2020,3191.76,3215,3135.7,3200,17.37
07/09/2020,3115.99,3193.88,3074.002,3182.63,101.52
07/08/2020,3022.61,3083.97,3012.43,3081.11,80.99
07/07/2020,3058.55,3069.55,2990,3000.12,-56.92
07/06/2020,2934.97,3059.88,2930,3057.04,166.74
07/02/2020,2912.01,2955.56,2871.102,2890.3,11.6
07/01/2020,2757.99,2895,2754,2878.7,119.88
06/30/2020,2685.06,2769.63,2675.03,2758.82,78.44
06/29/2020,2690.01,2696.8,2630.08,2680.38,-12.49
06/26/2020,2775.056,2782.569,2688,2692.87,-61.71
06/25/2020,2739.55,2756.23,2712.14,2754.58,20.18
06/24/2020,2780.4,2796,2721,2734.4,-30.01
06/23/2020,2726.02,2783.11,2718.04,2764.41,50.59
06/22/2020,2684.5,2715,2669,2713.82,38.81
06/19/2020,2678.08,2697.43,2659,2675.01,21.03
06/18/2020,2647.01,2659.64,2636.11,2653.98,13
06/17/2020,2647.5,2655,2631.82,2640.98,25.71
06/16/2020,2620,2620,2576,2615.27,42.59
06/15/2020,2526.6,2584,2508,2572.68,27.66
06/12/2020,2601.21,2621.477,2503.35,2545.02,-12.94
06/11/2020,2598,2671.38,2536.23,2557.96,-89.49
06/10/2020,2645,2722.35,2626.26,2647.45,46.59
06/09/2020,2529.44,2626.43,2525,2600.86,76.8
06/08/2020,2500.2,2530,2487.335,2524.06,41.06
06/05/2020,2444.51,2488.645,2437.13,2483,22.4
06/04/2020,2477.43,2507.54,2450.01,2460.6,-17.8
06/03/2020,2468.01,2488,2461.17,2478.4,5.99
06/02/2020,2467,2473.53,2445.31,2472.41,1.37
06/01/2020,2448,2476.93,2444.17,2471.04,28.67
05/29/2020,2415.94,2442.37,2398.197,2442.37,41.27
05/28/2020,2384.33,2436.97,2378.23,2401.1,-9.29
05/27/2020,2404.99,2413.58,2330,2410.39,-11.47
05/26/2020,2458,2462,2414.06,2421.86,-15.02
05/22/2020,2455.01,2469.85,2430.13,2436.88,-9.86
05/21/2020,2500,2525.45,2442.54,2446.74,-51.2
05/20/2020,2477.87,2500.01,2467.27,2497.94,48.61
05/19/2020,2429.83,2484.995,2428.97,2449.33,23.07
05/18/2020,2404.35,2433,2384.01,2426.26,16.48
05/15/2020,2368.52,2411,2356.37,2409.78,20.93
05/14/2020,2361.01,2391.37,2353.21,2388.85,20.93
05/13/2020,2366.8,2407.7,2337.805,2367.92,10.97
05/12/2020,2411.85,2419,2355,2356.95,-52.05
05/11/2020,2374.7,2419.665,2372.11,2409,29.39
05/08/2020,2372.14,2387.245,2357,2379.61,12
05/07/2020,2374.78,2376,2343.11,2367.61,16.35
05/06/2020,2329.44,2357.45,2320,2351.26,33.46
05/05/2020,2340,2351,2307.125,2317.8,1.81
05/04/2020,2256.38,2326.98,2256.38,2315.99,29.95
05/01/2020,2336.8,2362.44,2258.19,2286.04,-187.96
04/30/2020,2419.84,2475,2396.01,2474,101.29
04/29/2020,2330.01,2391.89,2310,2372.71,58.63
04/28/2020,2372.1,2373.5,2306,2314.08,-61.92
04/27/2020,2443.2,2444.88,2363,2376,-34.22
04/24/2020,2417,2420.433,2382,2410.22,10.77
04/23/2020,2399.98,2424.22,2382.08,2399.45,35.96
04/22/2020,2369,2394,2351,2363.49,35.37
04/21/2020,2416.61,2428.31,2279.66,2328.12,-65.49
04/20/2020,2389.95,2444.98,2386.05,2393.61,18.61
04/17/2020,2372.33,2400,2316.02,2375,-33.19
04/16/2020,2346,2460.998,2335,2408.19,100.51
04/15/2020,2257.68,2333.369,2245,2307.68,24.36
04/14/2020,2200.47,2292,2186.21,2283.32,114.45
04/13/2020,2040,2180,2038,2168.87,126.11
04/09/2020,2044.3,2053,2017.66,2042.76,-0.24
04/08/2020,2021,2044,2011.15,2043,31.4
04/07/2020,2017.11,2035.72,1997.62,2011.6,14.01
04/06/2020,1936,1998.52,1930.02,1997.59,91
04/03/2020,1911.15,1926.33,1889.15,1906.59,-12.24
04/02/2020,1901.64,1927.526,1890,1918.83,11.13
04/01/2020,1932.97,1944.96,1893,1907.7,-42.02
03/31/2020,1964.35,1993.02,1944.01,1949.72,-14.23
03/30/2020,1922.83,1973.63,1912.34,1963.95,63.85
03/27/2020,1930.86,1939.79,1899.92,1900.1,-55.39
03/26/2020,1902,1956.49,1889.29,1955.49,69.65
03/25/2020,1920.69,1950.26,1885.78,1885.84,-54.26
03/24/2020,1951.495,1955,1900.34,1940.1,37.27
03/23/2020,1827.75,1919.4,1812,1902.83,56.74
03/20/2020,1926.31,1957,1820.73,1846.09,-34.84
03/19/2020,1860,1945,1832.65,1880.93,50.93
03/18/2020,1750,1841.66,1745,1830,22.16
03/17/2020,1775.47,1857.775,1689.24,1807.84,118.69
03/16/2020,1641.51,1759.452,1626.032,1689.15,-95.85
03/13/2020,1755,1786.31,1680.62,1785,108.39
03/12/2020,1721.98,1765,1675,1676.61,-144.25
03/11/2020,1857.85,1871.319,1801.5,1820.86,-70.96
03/10/2020,1870.88,1894.27,1818.17,1891.82,91.21
03/09/2020,1773.86,1862.77,1761.29,1800.61,-100.48
03/06/2020,1875,1910.87,1869.5,1901.09,-22.94
03/05/2020,1933,1960.72,1910,1924.03,-51.8
03/04/2020,1946.57,1978,1922,1975.83,66.84
03/03/2020,1975.37,1996.33,1888.09,1908.99,-44.96
03/02/2020,1906.49,1954.51,1870,1953.95,70.2
02/28/2020,1814.26,1889.76,1811.129,1883.75,-0.55
02/27/2020,1934.38,1975,1882.76,1884.3,-95.29
02/26/2020,1970.28,2014.67,1960.45,1979.59,6.85
02/25/2020,2026.42,2034.6,1958.42,1972.74,-36.55
02/24/2020,2003.18,2039.295,1987.974,2009.29,-86.68
02/21/2020,2142.15,2144.55,2088,2095.97,-57.13
02/20/2020,2173.07,2176.79,2127.45,2153.1,-17.12
02/19/2020,2167.8,2185.1,2161.12,2170.22,14.55
02/18/2020,2125.02,2166.07,2124.105,2155.67,20.8
02/14/2020,2155.68,2159.035,2125.89,2134.87,-15
02/13/2020,2144.99,2170.28,2142,2149.87,-10.13
02/12/2020,2163.2,2180.25,2155.29,2160,9.2
02/11/2020,2150.9,2185.95,2136,2150.8,16.89
02/10/2020,2085.01,2135.6,2084.96,2133.91,54.63
02/07/2020,2041.99,2098.53,2038.1,2079.28,29.05
02/06/2020,2041.02,2056.3,2024.8,2050.23,10.36
02/05/2020,2071.02,2071.02,2032,2039.87,-9.8
02/04/2020,2029.88,2059.8,2015.37,2049.67,45.47
02/03/2020,2010.6,2048.5,2000.25,2004.2,-4.52
01/31/2020,2051.47,2055.72,2002.27,2008.72,138.04
01/30/2020,1858,1872.87,1850.61,1870.68,12.68
01/29/2020,1864,1874.75,1855.02,1858,4.75
01/28/2020,1840.5,1858.11,1830.02,1853.25,24.91
01/27/2020,1820,1841,1815.34,1828.34,-33.3
01/24/2020,1891.37,1894.99,1847.44,1861.64,-22.94
01/23/2020,1885.11,1889.975,1872.76,1884.58,-2.88
01/22/2020,1896.09,1902.5,1883.34,1887.46,-4.54
01/21/2020,1865,1894.27,1860,1892,27.28
01/17/2020,1885.89,1886.64,1857.25,1864.72,-13.22
01/16/2020,1882.99,1885.59,1866.02,1877.94,15.92
01/15/2020,1872.25,1878.86,1855.09,1862.02,-7.42
01/14/2020,1885.88,1887.11,1858.55,1869.44,-21.86
01/13/2020,1891.31,1898,1880.8,1891.3,8.14
01/10/2020,1905.37,1906.94,1880,1883.16,-17.89
01/09/2020,1909.89,1917.82,1895.804,1901.05,9.08
01/08/2020,1898.04,1911,1886.445,1891.97,-14.89
01/07/2020,1904.5,1913.89,1892.043,1906.86,3.98
01/06/2020,1860,1903.69,1860,1902.88,27.91
01/03/2020,1864.5,1886.196,1864.5,1874.97,-23.04
01/02/2020,1875,1898.01,1864.15,1898.01,50.17
12/31/2019,1842,1853.26,1832.23,1847.84,0.95
12/30/2019,1874,1884,1840.62,1846.89,-22.91
12/27/2019,1882.92,1901.4,1866.01,1869.8,1.03
12/26/2019,1801.01,1870.46,1799.5,1868.77,79.56
12/24/2019,1793.81,1795.57,1787.575,1789.21,-3.79
12/23/2019,1788.26,1793,1784.51,1793,6.5
12/20/2019,1799.61,1802.97,1782.45,1786.5,-5.78
12/19/2019,1780.5,1792.99,1774.06,1792.28,8.25
12/18/2019,1795.02,1798.2,1782.36,1784.03,-6.63
12/17/2019,1778.01,1792,1777.39,1790.66,21.45
12/16/2019,1767,1769.5,1757.05,1769.21,8.27
12/13/2019,1765,1768.99,1755,1760.94,0.61
12/12/2019,1750,1764,1745.44,1760.33,11.61
12/11/2019,1741.67,1750,1735.71,1748.72,9.51
12/10/2019,1747.4,1750.67,1735,1739.21,-10.3
12/09/2019,1750.66,1766.892,1745.61,1749.51,-2.09
12/06/2019,1751.2,1754.4,1740.13,1751.6,11.12
12/05/2019,1763.5,1763.5,1740,1740.48,-20.21
12/04/2019,1774.01,1789.089,1760.22,1760.69,-9.27
12/03/2019,1760,1772.87,1747.23,1769.96,-11.64
12/02/2019,1804.4,1805.55,1762.68,1781.6,-19.2
11/29/2019,1817.78,1824.69,1800.79,1800.8,-17.71
11/27/2019,1801,1824.5,1797.31,1818.51,21.57
11/26/2019,1779.92,1797.03,1778.35,1796.94,23.1
11/25/2019,1753.25,1777.42,1753.24,1773.84,28.12
11/22/2019,1739.02,1746.43,1731,1745.72,11.01
11/21/2019,1743,1746.87,1730.36,1734.71,-10.82
11/20/2019,1749.14,1762.524,1734.12,1745.53,-7.26
11/19/2019,1756.99,1760.68,1743.03,1752.79,0.26
11/18/2019,1738.3,1753.7,1722.71,1752.53,13.04
11/15/2019,1760.05,1761.68,1732.86,1739.49,-15.11
11/14/2019,1751.43,1766.593,1749.56,1754.6,1.49
11/13/2019,1773.39,1775,1747.32,1753.11,-24.89
11/12/2019,1774.66,1786.22,1771.91,1778,6.35
11/11/2019,1778,1780,1767.13,1771.65,-14.23
11/08/2019,1787.89,1789.88,1774.04,1785.88,-2.32
11/07/2019,1803.76,1805.9,1783.48,1788.2,-7.57
11/06/2019,1801,1802.5,1788.58,1795.77,-5.94
11/05/2019,1809.16,1810.25,1794,1801.71,-2.95
11/04/2019,1801.01,1815.06,1801.01,1804.66,13.22
11/01/2019,1788.01,1797.445,1785.21,1791.44,14.78
10/31/2019,1775.99,1792,1771.475,1776.66,-3.33
10/30/2019,1760.24,1782.38,1759.115,1779.99,17.28
10/29/2019,1774.81,1777,1755.81,1762.71,-14.37
10/28/2019,1748.06,1778.7,1742.5,1777.08,15.75
10/25/2019,1697.55,1764.21,1695,1761.33,-19.45
10/24/2019,1771.09,1788.338,1760.27,1780.78,18.61
10/23/2019,1761.3,1770.05,1742,1762.17,-3.56
10/22/2019,1788.15,1789.78,1762,1765.73,-19.93
10/21/2019,1769.66,1785.88,1765,1785.66,28.15
10/18/2019,1787.8,1793.98,1749.2,1757.51,-29.97
10/17/2019,1796.49,1798.85,1782.02,1787.48,10.05
10/16/2019,1773.33,1786.24,1770.521,1777.43,10.05
10/15/2019,1742.14,1776.45,1740.62,1767.38,30.95
10/14/2019,1728.91,1741.889,1722,1736.43,4.51
10/11/2019,1740.21,1745.45,1729.86,1731.92,11.66
10/10/2019,1725.24,1738.29,1713.75,1720.26,-1.73
10/09/2019,1719.61,1729.95,1714.36,1721.99,16.48
10/08/2019,1722.49,1727,1705,1705.51,-27.15
10/07/2019,1731.63,1747.83,1723.7,1732.66,-6.99
10/04/2019,1726.02,1740.575,1719.23,1739.65,15.23
10/03/2019,1713,1725,1685.06,1724.42,11.19
10/02/2019,1727.74,1728.89,1705,1713.23,-22.42
10/01/2019,1746,1755.6,1728.41,1735.65,-0.26
09/30/2019,1727.7,1737.46,1709.22,1735.91,10.46
09/27/2019,1748,1749.12,1713.82,1725.45,-14.39
09/26/2019,1762.79,1763.37,1731.5,1739.84,-28.49
09/25/2019,1747.36,1773,1723,1768.33,26.72
09/24/2019,1790.6,1795.705,1735.545,1741.61,-43.69
09/23/2019,1777,1792.7,1767.32,1785.3,-8.86
09/20/2019,1821.71,1830.63,1780.92,1794.16,-27.34
09/19/2019,1821.02,1832.57,1817.9,1821.5,4.04
09/18/2019,1817.04,1822.06,1795.5,1817.46,-5.09
09/17/2019,1807.08,1823.99,1804.1,1822.55,14.71
09/16/2019,1824.02,1825.694,1800.2,1807.84,-31.5
09/13/2019,1842.01,1846.122,1835.17,1839.34,-4.21
09/12/2019,1837.63,1853.66,1834.28,1843.55,20.56
09/11/2019,1812.14,1833.42,1809.08,1822.99,2.44
09/10/2019,1822.75,1825.81,1805.336,1820.55,-10.8
09/09/2019,1841,1850,1824.61,1831.35,-2.16
09/06/2019,1838.22,1840.65,1826.4,1833.51,-7.21
09/05/2019,1821.95,1842,1815.575,1840.72,40.1
09/04/2019,1805,1807.631,1796.23,1800.62,10.78
09/03/2019,1770,1800.8,1768,1789.84,13.55
08/30/2019,1797.49,1799.74,1764.57,1776.29,-10.11
08/29/2019,1783,1798.55,1777.25,1786.4,22.15
08/28/2019,1755,1767.86,1744.05,1764.25,2.42
08/27/2019,1775.73,1779.4,1746.68,1761.83,-7.04
08/26/2019,1766.91,1770,1743.51,1768.87,19.25
08/23/2019,1793.03,1804.896,1745.23,1749.62,-55.98
08/22/2019,1828,1829.411,1800.1,1805.6,-17.94
08/21/2019,1819.39,1829.578,1815,1823.54,22.16
08/20/2019,1814.5,1816.82,1799.88,1801.38,-14.74
08/19/2019,1818.08,1826,1812.61,1816.12,23.55
08/16/2019,1792.89,1802.908,1784.55,1792.57,16.45
08/15/2019,1781.99,1788,1761.96,1776.12,13.16
08/14/2019,1793.01,1795.651,1757.215,1762.96,-61.38
08/13/2019,1783,1831.743,1780,1824.34,39.42
08/12/2019,1795.99,1800.98,1777,1784.92,-22.66
08/09/2019,1828.95,1831.091,1802.22,1807.58,-25.31
08/08/2019,1806,1834.26,1798.11,1832.89,39.49
08/07/2019,1773.99,1798.93,1757,1793.4,5.57
08/06/2019,1792.23,1793.77,1753.4,1787.83,22.7
08/05/2019,1770.22,1788.668,1748.78,1765.13,-58.11
08/02/2019,1845.07,1846.363,1808.02,1823.24,-32.08
08/01/2019,1871.72,1897.92,1844.01,1855.32,-11.46
07/31/2019,1898.11,1899.55,1849.44,1866.78,-31.75
07/30/2019,1891.11,1909.89,1883.48,1898.53,-13.92
07/29/2019,1930,1932.226,1890.54,1912.45,-30.6
07/26/2019,1942,1950.895,1924.51,1943.05,-30.77
07/25/2019,2001,2001.2,1972.72,1973.82,-26.99
07/24/2019,1969.3,2001.3,1965.87,2000.81,6.32
07/23/2019,1995.99,1997.79,1973.13,1994.49,8.86
07/22/2019,1971.14,1989,1958.26,1985.63,21.11
07/19/2019,1991.21,1996,1962.226,1964.52,-13.38
07/18/2019,1980.01,1987.5,1951.55,1977.9,-14.13
07/17/2019,2007.05,2012,1992.03,1992.03,-17.87
07/16/2019,2010.58,2026.32,2001.22,2009.9,-11.09
07/15/2019,2021.4,2022.9,2001.55,2020.99,9.99
07/12/2019,2008.27,2017,2003.87,2011,9.93
07/11/2019,2025.62,2035.8,1995.3,2001.07,-16.34
07/10/2019,1996.51,2024.94,1995.4,2017.41,29.11
07/09/2019,1947.8,1990.01,1943.475,1988.3,35.98
07/08/2019,1934.12,1956,1928.253,1952.32,9.41
07/05/2019,1928.6,1945.9,1925.3,1942.91,3.91
07/03/2019,1935.89,1941.59,1930.5,1939,4.69
07/02/2019,1919.38,1934.79,1906.63,1934.31,12.12
07/01/2019,1922.98,1929.82,1914.66,1922.19,28.56
06/28/2019,1908,1912.94,1884,1893.63,-10.65
06/27/2019,1902,1911.24,1898.04,1904.28,6.45
06/26/2019,1892.48,1903.8,1887.32,1897.83,19.56
06/25/2019,1911.84,1916.385,1872.42,1878.27,-35.63
06/24/2019,1912.66,1916.86,1901.3,1913.9,2.6
06/21/2019,1916.1,1925.95,1907.58,1911.3,-6.89
06/20/2019,1933.33,1935.2,1905.8,1918.19,9.4
06/19/2019,1907.84,1919.581,1892.47,1908.79,7.42
06/18/2019,1901.35,1921.67,1899.79,1901.37,15.34
06/17/2019,1876.5,1895.688,1875.45,1886.03,16.36
06/14/2019,1864,1876,1859,1869.67,-0.63
06/13/2019,1866.72,1883.09,1862.22,1870.3,14.98
06/12/2019,1853.98,1865,1844.38,1855.32,-8.38
06/11/2019,1883.25,1893.7,1858,1863.7,3.07
06/10/2019,1822,1884.87,1818,1860.63,56.6
06/07/2019,1763.7,1806.254,1759.49,1804.03,49.67
06/06/2019,1737.71,1760,1726.13,1754.36,15.86
06/05/2019,1749.6,1752,1715.251,1738.5,8.94
06/04/2019,1699.24,1730.82,1680.89,1729.56,36.87
06/03/2019,1760.01,1766.29,1672,1692.69,-82.38
05/31/2019,1790.01,1795.585,1772.703,1775.07,-41.25
05/30/2019,1825.49,1829.47,1807.825,1816.32,-2.87
05/29/2019,1823.12,1830,1807.533,1819.19,-17.24
05/28/2019,1834.95,1849.267,1827.35,1836.43,13.15
05/24/2019,1835.89,1841.76,1817.851,1823.28,7.8
05/23/2019,1836.59,1844,1804.2,1815.48,-44.2
05/22/2019,1851.78,1871.485,1851,1859.68,2.16
05/21/2019,1874.79,1879,1846,1857.52,-1.45
05/20/2019,1852.69,1867.78,1835.54,1858.97,-10.03
05/17/2019,1893.05,1910.53,1867.33,1869,-38.57
05/16/2019,1885.94,1917.51,1882.29,1907.57,36.42
05/15/2019,1827.95,1874.427,1823,1871.15,31.03
05/14/2019,1839.5,1852.44,1815.75,1840.12,17.44
05/13/2019,1836.56,1846.535,1818,1822.68,-67.3
05/10/2019,1898,1903.79,1856,1889.98,-9.89
05/09/2019,1900,1909.4,1876,1899.87,-17.9
05/08/2019,1918.87,1935.37,1910,1917.77,-3.23
05/07/2019,1939.99,1949.1,1903.38,1921,-29.55
05/06/2019,1917.98,1959,1910.5,1950.55,-11.91
05/03/2019,1949,1964.4,1936,1962.46,61.64
05/02/2019,1913.33,1921.55,1881.87,1900.82,-10.7
05/01/2019,1933.09,1943.64,1910.55,1911.52,-15
04/30/2019,1930.1,1935.71,1906.95,1926.52,-11.91
04/29/2019,1949,1956.335,1934.09,1938.43,-12.2
04/26/2019,1929,1951,1898,1950.63,48.38
04/25/2019,1917,1922.45,1900.31,1902.25,0.5
04/24/2019,1925,1929.69,1898.16,1901.75,-22.02
04/23/2019,1891.2,1929.26,1889.58,1923.77,36.46
04/22/2019,1855.4,1888.42,1845.64,1887.31,25.62
04/18/2019,1868.79,1870.82,1859.48,1861.69,-3.13
04/17/2019,1872.99,1876.473,1860.44,1864.82,1.78
04/16/2019,1851.35,1869.77,1848,1863.04,18.17
04/15/2019,1842,1846.85,1818.9,1844.87,1.81
04/12/2019,1848.4,1851.5,1841.3,1843.06,-1.01
04/11/2019,1848.7,1849.95,1840.31,1844.07,-3.26
04/10/2019,1841,1848,1828.81,1847.33,11.49
04/09/2019,1845.49,1853.09,1831.78,1835.84,-14.02
04/08/2019,1833.23,1850.2,1825.11,1849.86,12.58
04/05/2019,1829,1838.58,1825.19,1837.28,18.42
04/04/2019,1820.65,1828.75,1804.2,1818.86,-1.84
04/03/2019,1826.72,1830,1809.62,1820.7,6.72
04/02/2019,1811.02,1820,1805.121,1813.98,-0.21
04/01/2019,1800.11,1815.67,1798.73,1814.19,33.44
03/29/2019,1786.58,1792.86,1776.63,1780.75,7.33
03/28/2019,1770,1777.93,1753.47,1773.42,7.72
03/27/2019,1784.13,1787.5,1745.68,1765.7,-18.06
03/26/2019,1793,1805.77,1773.36,1783.76,9.5
03/25/2019,1757.79,1782.675,1747.5,1774.26,9.49
03/22/2019,1810.17,1818.98,1763.11,1764.77,-54.49
03/21/2019,1796.26,1823.75,1787.281,1819.26,21.99
03/20/2019,1769.94,1799.5,1767.034,1797.27,35.42