Time,Open,High,Low,Last,Change,%Chg,Volume
04/09/2021,677.77,680.97,669.43,677.02,-6.78,-0.99%,21437000
04/08/2021,677.38,689.55,671.645,683.8,12.83,+1.91%,23924300
04/07/2021,687,691.38,667.84,670.97,-20.65,-2.99%,26309400
04/06/2021,690.3,696.55,681.37,691.62,0.57,+0.08%,28271800
04/05/2021,707.71,708.16,684.7,691.05,29.3,+4.43%,41842700
04/01/2021,688.37,692.4203,659.42,661.75,-6.18,-0.93%,35298300
03/31/2021,646.62,672,641.11,667.93,32.31,+5.08%,33337200
03/30/2021,601.75,637.66,591.01,635.62,24.33,+3.98%,39432300
03/29/2021,615.64,616.48,596.02,611.29,-7.42,-1.20%,28636900
03/26/2021,641.87,643.82,599.89,618.71,-21.68,-3.39%,33852800
03/25/2021,613,645.5,609.5,640.39,10.12,+1.61%,39224800
03/24/2021,667.91,668.02,630.11,630.27,-31.89,-4.82%,33795100
03/23/2021,675.77,677.8,657.51,662.16,-7.84,-1.17%,30491800
03/22/2021,684.59,699.62,668.75,670,15.13,+2.31%,39512200
03/19/2021,646.6,657.23,624.6201,654.87,1.71,+0.26%,42893900
03/18/2021,684.29,689.23,652,653.16,-48.65,-6.93%,33369000
03/17/2021,656.87,703.73,651.01,701.81,24.93,+3.68%,40372400
03/16/2021,703.35,707.92,671,676.88,-31.06,-4.39%,32195600
03/15/2021,694.09,713.18,684.04,707.94,14.21,+2.05%,29423400
03/12/2021,670,694.88,666.1394,693.73,-5.87,-0.84%,33583800
03/11/2021,699.4,702.5,677.18,699.6,31.54,+4.72%,36253800
03/10/2021,700.3,717.85,655.06,668.06,-5.52,-0.82%,60605600
03/09/2021,608.18,678.09,595.21,673.58,110.58,+19.64%,67523296
03/08/2021,600.55,620.125,558.79,563,-34.95,-5.84%,51786900
03/05/2021,626.06,627.8419,539.49,597.95,-23.49,-3.78%,89396400
03/04/2021,655.8,873.94,600,621.44,-31.76,-4.86%,65919500
03/03/2021,687.99,700.7,651.705,653.2,-33.24,-4.84%,30207900
03/02/2021,718.28,721.11,685,686.44,-31.99,-4.45%,23732100
03/01/2021,690.11,872,685.05,718.43,42.93,+6.36%,27136200
02/26/2021,700,706.7,659.51,675.5,-6.72,-0.99%,41089100
02/25/2021,726.15,737.2066,670.58,682.22,-59.8,-8.06%,39023800
02/24/2021,711.85,745,694.17,742.02,43.1799,+6.18%,36766900
02/23/2021,662.13,713.6099,619,698.8401,-15.6599,-2.19%,66606800
02/22/2021,762.64,768.5,710.2,714.5,-66.8,-8.55%,37269700
02/19/2021,795,796.7899,777.37,781.3,-6.08,-0.77%,18958200
02/18/2021,780.9,794.69,776.27,787.38,-10.77,-1.35%,17957000
02/17/2021,779.09,799.84,762.01,798.15,1.93,+0.24%,26078800
02/16/2021,818,821,792.44,796.22,-19.9,-2.44%,19802300
02/12/2021,801.26,817.33,785.3307,816.12,4.46,+0.55%,23768300
02/11/2021,812.44,829.8799,801.725,811.66,6.84,+0.85%,21622700
02/10/2021,843.64,844.82,800.02,804.82,-44.64,-5.26%,36216000
02/09/2021,855.12,859.8,841.75,849.46,-13.96,-1.62%,15157600
02/08/2021,869.67,877.77,854.75,863.42,11.19,+1.31%,20161700
02/05/2021,845,864.77,838.97,852.23,2.24,+0.26%,18566600
02/04/2021,855,856.5,833.42,849.99,-4.7,-0.55%,15812600
02/03/2021,877.02,878.08,853.0646,854.69,-18.1,-2.07%,18343500
02/02/2021,844.68,880.5,842.2006,872.79,32.98,+3.93%,24346200
02/01/2021,814.29,842,795.5601,839.81,46.28,+5.83%,25391300
01/29/2021,830,842.41,780.1,793.53,-41.9,-5.02%,34990700
01/28/2021,820,848,801,835.43,-28.73,-3.32%,26378000
01/27/2021,870.35,891.5,858.66,864.16,-18.93,-2.14%,27333900
01/26/2021,891.38,895.9,871.6,883.09,2.29,+0.26%,23131600
01/25/2021,855,900.4,838.8202,880.8,34.16,+4.03%,41173400
01/22/2021,834.31,848,828.62,846.64,1.65,+0.20%,20066400
01/21/2021,855,855.7199,841.4201,844.99,-5.46,-0.64%,20598100
01/20/2021,858.74,859.5,837.28,850.45,5.9,+0.70%,25665800
01/19/2021,837.8,850,833,844.55,18.39,+2.23%,25366900
01/15/2021,852,859.9,819.1,826.16,-18.84,-2.23%,38777500
01/14/2021,843.39,863,838.75,845,-9.41,-1.10%,31266300
01/13/2021,852.76,860.47,832,854.41,4.97,+0.59%,33312400
01/12/2021,831,868,827.34,849.44,38.25,+4.72%,46270700
01/11/2021,849.4,854.43,803.6222,811.19,-68.83,-7.82%,59554100
01/08/2021,856,884.49,838.39,880.02,63.98,+7.84%,75055504
01/07/2021,777.63,816.99,775.2,816.04,60.06,+7.94%,51498900
01/06/2021,758.49,774,749.1,755.98,20.87,+2.84%,44699900
01/05/2021,723.66,740.84,719.2,735.11,5.34,+0.73%,32245100
01/04/2021,719.46,744.49,717.1895,729.77,24.1,+3.42%,48638100
12/31/2020,699.99,718.72,691.12,705.67,10.8899,+1.57%,49649900
12/30/2020,672,696.6,668.3603,694.7801,28.7901,+4.32%,42846000
12/29/2020,661,669.9,655,665.99,2.3,+0.35%,22910800
12/28/2020,674.51,681.4,660.8,663.69,1.92,+0.29%,32278500
12/24/2020,642.99,666.09,641,661.77,15.79,+2.44%,22865500
12/23/2020,632.2,651.4999,622.5702,645.98,5.64,+0.88%,33172900
12/22/2020,648,649.88,614.23,640.34,-9.52,-1.46%,51861600
12/21/2020,666.24,668.5,646.07,649.86,-45.14,-6.49%,58045200
12/18/2020,668.9,695,628.54,695,39.1,+5.96%,222126208
12/17/2020,628.19,658.82,619.5,655.9,33.13,+5.32%,56270100
12/16/2020,628.23,632.5,605,622.77,-10.48,-1.65%,42095800
12/15/2020,643.28,646.9,623.8,633.25,-6.58,-1.03%,45223500
12/14/2020,619,642.7499,610.2001,639.83,29.84,+4.89%,52040600
12/11/2020,615.01,624,596.8,609.99,-17.08,-2.72%,46474900
12/10/2020,574.37,627.75,566.34,627.07,22.59,+3.74%,67083100
12/09/2020,653.69,654.32,588,604.48,-45.4,-6.99%,71291104
12/08/2020,625.51,651.28,618.5,649.88,8.12,+1.27%,64265000
12/07/2020,604.92,648.7856,603.05,641.76,42.72,+7.13%,56309700
12/04/2020,591.01,599.04,585.5,599.04,5.66,+0.95%,29401300
12/03/2020,590.02,598.97,582.43,593.38,24.56,+4.32%,42552000
12/02/2020,556.44,571.54,541.21,568.82,-15.94,-2.73%,47775600
12/01/2020,597.59,597.85,572.05,584.76,17.16,+3.02%,40382800
11/30/2020,602.21,607.8,554.51,567.6,-18.16,-3.10%,63003000
11/27/2020,581.16,598.78,578.45,585.76,11.76,+2.05%,37561000
11/25/2020,550.06,574,545.37,574,18.62,+3.35%,48930100
11/24/2020,540.4,559.99,526.2,555.38,33.53,+6.43%,53648400
11/23/2020,503.5,526,501.79,521.85,32.24,+6.58%,50260300
11/20/2020,497.99,502.5,489.06,489.61,-9.66,-1.93%,32911900
11/19/2020,492,508.6112,487.57,499.27,12.63,+2.60%,62475300
11/18/2020,448.35,496,443.5001,486.64,45.03,+10.20%,78044000
11/17/2020,460.17,462,433.01,441.61,33.52,+8.21%,61188200
11/16/2020,408.93,412.45,404.0868,408.09,-0.41,-0.10%,26838600
11/13/2020,410.85,412.5319,401.66,408.5,-3.26,-0.79%,19830300
11/12/2020,415.05,423,409.52,411.76,-5.37,-1.29%,19940500
11/11/2020,416.45,418.695,410.58,417.13,6.77,+1.65%,17357700
11/10/2020,420.09,420.09,396.0301,410.36,-10.9,-2.59%,30284200
11/09/2020,439.5,452.5,421,421.26,-8.69,-2.02%,34833000
11/06/2020,436.1,436.57,424.28,429.95,-8.14,-1.86%,21706000
11/05/2020,428.3,440,424.0001,438.09,17.11,+4.06%,28414500
11/04/2020,430.62,435.4,417.1,420.98,-2.92,-0.69%,32143000
11/03/2020,409.73,427.77,406.69,423.9,23.39,+5.84%,34351700
11/02/2020,394,406.9799,392.3,400.51,12.47,+3.21%,29021100
10/30/2020,406.9,407.5915,379.11,388.04,-22.79,-5.55%,42587600
10/29/2020,409.96,418.06,406.46,410.83,4.81,+1.18%,22655300
10/28/2020,416.48,418.6,406,406.02,-18.66,-4.39%,25451400
10/27/2020,423.76,430.5,420.1,424.68,4.4,+1.05%,22686500
10/26/2020,411.63,425.76,410,420.28,-0.35,-0.08%,28239100
10/23/2020,421.84,422.8859,407.3801,420.63,-5.16,-1.21%,33716900
10/22/2020,441.92,445.23,424.51,425.79,3.15,+0.75%,39993100
10/21/2020,422.7,432.95,421.25,422.64,0.7,+0.17%,32370400
10/20/2020,431.75,431.75,419.0501,421.94,-8.89,-2.06%,31656200
10/19/2020,446.24,447,428.87,430.83,-8.84,-2.01%,36287800
10/16/2020,454.44,455.9499,438.85,439.67,-9.21,-2.05%,32775800
10/15/2020,450.31,456.57,442.5,448.88,-12.42,-2.69%,35672300
10/14/2020,449.78,465.9,447.35,461.3,14.65,+3.28%,48045300
10/13/2020,443.35,448.89,436.6,446.65,4.35,+0.98%,34463600
10/12/2020,442,448.74,438.58,442.3,8.3,+1.91%,38791100
10/09/2020,430.13,434.5899,426.4601,434,8.08,+1.90%,28925600
10/08/2020,438.44,439,425.3,425.92,0.62,+0.15%,40421100
10/07/2020,419.87,429.9,413.845,425.3,11.32,+2.73%,43127700
10/06/2020,423.79,428.7799,406.05,413.98,-11.7,-2.75%,49146200
10/05/2020,423.35,433.64,419.33,425.68,10.59,+2.55%,44722700
10/02/2020,421.39,439.13,415,415.09,-33.07,-7.38%,71430000
10/01/2020,440.76,448.88,434.42,448.16,19.15,+4.46%,50741400
09/30/2020,421.32,433.93,420.47,429.01,9.94,+2.37%,48145500
09/29/2020,416,428.5,411.6,419.07,-2.13,-0.51%,50341400
09/28/2020,424.62,428.08,415.55,421.2,13.86,+3.40%,49719500
09/25/2020,393.47,408.7323,391.3,407.34,19.55,+5.04%,67208400
09/24/2020,363.8,399.5,351.3,387.79,7.43,+1.95%,96561000
09/23/2020,405.16,412.15,375.8801,380.36,-43.87,-10.34%,95074096
09/22/2020,429.6,437.76,417.6001,424.23,-25.16,-5.60%,79580704
09/21/2020,453.13,455.68,407.07,449.39,7.24,+1.64%,109476800
09/18/2020,447.94,451,428.8,442.15,18.72,+4.42%,86406800
09/17/2020,415.6,437.79,408.0001,423.43,-18.33,-4.15%,76779104
09/16/2020,439.87,457.79,435.31,441.76,-8,-1.78%,72546704
09/15/2020,436.56,461.94,430.7,449.76,30.14,+7.18%,97298200
09/14/2020,380.95,420,373.3,419.62,46.9,+12.58%,83020600
09/11/2020,381.94,382.5,360.5,372.72,1.38,+0.37%,60717400
09/10/2020,386.21,398.99,360.56,371.34,5.06,+1.38%,84930600
09/09/2020,356.6,369,341.51,366.28,36.07,+10.92%,79465696
09/08/2020,356,368.74,329.88,330.21,-88.11,-21.06%,115465600
09/04/2020,399.5,428,372.0201,418.32,11.32,+2.78%,110321800
09/03/2020,407.23,431.8,402,407,-40.37,-9.02%,87596000
09/02/2020,478.99,479.04,405.1206,447.37,-27.68,-5.83%,96176096
09/01/2020,502.14,502.49,470.51,475.05,-23.27,-4.67%,90119400
08/31/2020,444.61,500.14,440.11,498.32,55.64,+12.57%,118374400
08/28/2020,459.024,463.698,437.304,442.68,-5.07,-1.13%,100405496
08/27/2020,436.092,459.12,428.5,447.75,17.116,+3.97%,118465000
08/26/2020,412,433.2,410.7258,430.634,25.966,+6.42%,71196496
08/25/2020,394.978,405.59,393.6,404.668,1.828,+0.45%,53294000
08/24/2020,425.254,425.8,385.504,402.84,-7.156,-1.75%,100318000
08/21/2020,408.952,419.098,405.01,409.996,9.63,+2.41%,107447496
08/20/2020,372.136,404.398,371.412,400.366,24.66,+6.56%,103058496
08/19/2020,373,382.2,368.242,375.706,-1.712,-0.45%,61026500
08/18/2020,379.798,384.78,369.022,377.418,10.29,+2.80%,82372000
08/17/2020,335.4,369.172,334.566,367.128,36.986,+11.20%,101211496
08/14/2020,332.998,333.76,325.328,330.142,5.942,+1.83%,62888000
08/13/2020,322.2,330.236,313.452,324.2,13.248,+4.26%,102126496
08/12/2020,294,317,287,310.952,36.074,+13.12%,109494000
08/11/2020,279.2,284,273,274.878,-8.836,-3.11%,43129000
08/10/2020,289.6,291.5,277.168,283.714,-6.828,-2.35%,37611000
08/07/2020,299.908,299.95,283.002,290.542,-7.374,-2.48%,44482000
08/06/2020,298.166,303.462,295.452,297.916,0.912,+0.31%,29961500
08/05/2020,298.598,299.9676,293.662,297.004,-0.396,-0.13%,24890000
08/04/2020,299.002,305.482,292.4,297.4,0.4,+0.13%,42074500
08/03/2020,289.84,301.962,288.8768,297,10.848,+3.79%,44046500
07/31/2020,303,303.41,284.196,286.152,-11.346,-3.81%,61234500
07/30/2020,297.6,302.648,294.2,297.498,-2.324,-0.78%,38105000
07/29/2020,300.2,306.962,297.4,299.822,4.524,+1.53%,47134000
07/28/2020,300.8,312.94,294.884,295.298,-12.622,-4.10%,79043496
07/27/2020,287,309.588,282.6,307.92,24.52,+8.65%,80243000
07/24/2020,283.202,293,273.308,283.4,-19.214,-6.35%,96983000
07/23/2020,335.79,337.8,296.154,302.614,-15.852,-4.98%,121642496
07/22/2020,319.8,325.284,312.4,318.466,4.794,+1.53%,70805000
07/21/2020,327.986,335,311.6,313.672,-14.928,-4.54%,80786000
07/20/2020,303.802,330,297.6,328.6,28.432,+9.47%,85606496
07/17/2020,302.69,307.502,298,300.168,0.04,+0.01%,46649500
07/16/2020,295.432,306.342,293.2,300.128,-9.074,-2.93%,71503496
07/15/2020,308.6,310,291.4,309.202,5.842,+1.93%,81839000
07/14/2020,311.2,318,286.2,303.36,3.948,+1.32%,117090496
07/13/2020,331.8,358.998,294.222,299.412,-9.518,-3.08%,194926496
07/10/2020,279.2,309.783,275.202,308.93,30.074,+10.78%,116687496
07/09/2020,279.398,281.712,270.256,278.856,5.68,+2.08%,58587500
07/08/2020,281,283.452,262.268,273.176,-4.796,-1.73%,81556496
07/07/2020,278.2,285.9,267.342,277.972,3.656,+1.33%,107448000
07/06/2020,255.338,275.558,253.2088,274.316,32.584,+13.48%,102849000
07/02/2020,244.296,245.6,237.12,241.732,17.806,+7.95%,86250496
07/01/2020,216.6,227.066,216.1,223.926,7.964,+3.69%,66634000
06/30/2020,201.3,217.538,200.746,215.962,14.092,+6.98%,84592496
06/29/2020,193.802,202,189.704,201.87,9.922,+5.17%,45132000
06/26/2020,198.956,199,190.974,191.948,-5.248,-2.66%,44274500
06/25/2020,190.854,197.196,187.43,197.196,5.026,+2.62%,46272500
06/24/2020,198.822,200.177,190.6282,192.17,-8.186,-4.09%,54797500
06/23/2020,199.776,202.4,198.802,200.356,1.492,+0.75%,31826000
06/22/2020,199.99,201.776,198.004,198.864,-1.316,-0.66%,31811500
06/19/2020,202.556,203.194,198.268,200.18,-0.612,-0.30%,43398500
06/18/2020,200.6,203.84,198.8942,200.792,2.434,+1.23%,48759500
06/17/2020,197.542,201,196.5142,198.358,1.932,+0.98%,49454000
06/16/2020,202.37,202.576,192.478,196.426,-1.754,-0.89%,70255000
06/15/2020,183.558,199.768,181.7,198.18,11.124,+5.95%,78485496
06/12/2020,196,197.596,182.52,187.056,-7.512,-3.86%,83816496
06/11/2020,198.04,203.792,194.4,194.568,-10.442,-5.09%,79582000
06/10/2020,198.376,205.496,196.5,205.01,16.876,+8.97%,92817000
06/09/2020,188.002,190.888,184.7862,188.134,-1.85,-0.97%,56940500
06/08/2020,183.8,190,181.832,189.984,12.852,+7.26%,70873496
06/05/2020,175.568,177.304,173.24,177.132,4.256,+2.46%,39059500
06/04/2020,177.976,179.15,171.688,172.876,-3.716,-2.10%,44438500
06/03/2020,177.624,179.588,176.02,176.592,0.28,+0.16%,39747000
06/02/2020,178.94,181.732,174.2,176.312,-3.308,-1.84%,67827496
06/01/2020,172.2,179.8,170.82,179.62,12.62,+7.56%,75426000
05/29/2020,161.75,167,160.842,167,5.838,+3.62%,59062000
05/28/2020,162.702,164.95,160.338,161.162,-2.884,-1.76%,36378500
05/27/2020,164.172,165.542,157,164.046,0.272,+0.17%,57747500
05/26/2020,166.9,166.92,163.141,163.774,0.398,+0.24%,40448500
05/22/2020,164.434,166.356,162.4,163.376,-2.144,-1.30%,49937000
05/21/2020,163.2,166.5,159.2,165.52,2.408,+1.48%,61272500
05/20/2020,164.1,165.2,162.36,163.112,1.51,+0.93%,36546000
05/19/2020,163.034,164.414,161.216,161.602,-1.124,-0.69%,48182500
05/18/2020,165.556,166.944,160.776,162.726,2.892,+1.81%,58490500
05/15/2020,158.07,161.0097,157.3104,159.834,-0.832,-0.52%,52592000
05/14/2020,156,160.672,152.8,160.666,2.474,+1.56%,68410496
05/13/2020,164.166,165.2,152.66,158.192,-3.69,-2.28%,95327000
05/12/2020,165.4,168.658,161.6,161.882,-0.376,-0.23%,79534496
05/11/2020,158.102,164.8,157,162.258,-1.626,-0.99%,82598000
05/08/2020,158.754,164.8,157.402,163.884,7.876,+5.05%,80650000
05/07/2020,155.442,159.28,154.47,156.008,-0.508,-0.32%,57638000
05/06/2020,155.3,157.96,152.222,156.516,2.874,+1.87%,55616000
05/05/2020,157.958,159.784,152.436,153.642,1.404,+0.92%,84958000
05/04/2020,140.2,152.4,139.6,152.238,11.974,+8.54%,96185000
05/01/2020,151,154.554,136.608,140.264,-16.112,-10.30%,162658992
04/30/2020,171.038,173.964,152.7,156.376,-3.726,-2.33%,142358992
04/29/2020,158.034,160.64,156.632,160.102,6.278,+4.08%,81079496
04/28/2020,159.128,161,151.338,153.824,-5.926,-3.71%,76109496
04/27/2020,147.522,159.898,147,159.75,14.72,+10.15%,103407000
04/24/2020,142.162,146.146,139.636,145.03,3.904,+2.77%,66188000
04/23/2020,145.52,146.8,140.626,141.126,-5.296,-3.62%,66183000
04/22/2020,140.796,146.8,137.742,146.422,9.078,+6.61%,71124000
04/21/2020,146.024,150.666,134.758,137.344,-11.928,-7.99%,101045000
04/20/2020,146.54,153.114,142.442,149.272,-1.506,-1.00%,73732496
04/17/2020,154.456,154.99,149.532,150.778,1.736,+1.16%,65641000
04/16/2020,143.388,151.89,141.343,149.042,3.076,+2.11%,103289000
04/15/2020,148.4,150.626,142,145.966,3.988,+2.81%,117885000
04/14/2020,139.794,148.376,138.486,141.978,11.788,+9.05%,152882496
04/13/2020,118.032,130.4,116.106,130.19,15.59,+13.60%,112377000
04/09/2020,112.418,115.0364,111.422,114.6,4.832,+4.40%,68250000
04/08/2020,110.84,111.4416,106.666,109.768,0.678,+0.62%,63280000
04/07/2020,109,113,106.468,109.09,5.842,+5.66%,89598496
04/06/2020,102.24,104.2,99.592,103.248,7.24599,+7.55%,74509000
04/03/2020,101.9,103.098,93.67802,96.00201,5.10801,+5.62%,112810000
04/02/2020,96.206,98.85198,89.28,90.894,-5.418,-5.63%,99292000
04/01/2020,100.8,102.791,95.02,96.312,-8.488,-8.10%,66765500
03/31/2020,100.25,108.592,99.4,104.8,4.374,+4.36%,88857000
03/30/2020,102.052,103.3294,98.246,100.426,-2.446,-2.38%,59990000
03/27/2020,101,105.16,98.806,102.872,-2.76,-2.61%,71887000
03/26/2020,109.478,112,102.45,105.632,-2.218,-2.06%,87110000
03/25/2020,109.05,111.4,102.222,107.85,6.85,+6.78%,106113496
03/24/2020,94.8,102.738,94.8,101,14.142,+16.28%,114475496
03/23/2020,86.72,88.39999,82.1,86.858,1.352,+1.58%,82272496
03/20/2020,87.64001,95.4,85.158,85.506,-0.02201,-0.03%,141427504
03/19/2020,74.94,90.4,71.692,85.52801,13.28401,+18.39%,150976992
03/18/2020,77.8,80.972,70.10201,72.244,-13.796,-16.03%,118930496
03/17/2020,88.00201,94.37,79.2,86.04,-2.974,-3.34%,119972496
03/16/2020,93.89994,98.97398,88.43401,89.014,-20.31,-18.58%,102447000
03/13/2020,119,121.514,100.4,109.324,-2.786,-2.49%,113201000
03/12/2020,116.178,118.9,109.25,112.11,-14.736,-11.62%,94545000
03/11/2020,128.04,130.716,122.6,126.846,-2.22,-1.72%,67067500
03/10/2020,131.886,133.6,121.6,129.066,7.466,+6.14%,77972000
03/09/2020,121.078,132.5996,121,121.6,-19.096,-13.57%,85368496
03/06/2020,138,141.4,136.854,140.696,-4.212,-2.91%,63314500
03/05/2020,144.754,149.15,143.614,144.908,-4.992,-3.33%,54263000
03/04/2020,152.792,153.304,144.9469,149.9,0.798,+0.54%,75244496
03/03/2020,161,161.396,143.2221,149.102,0.378,+0.25%,128920000
03/02/2020,138.2,148.738,137.334,148.724,15.126,+11.32%,100974496
02/28/2020,125.94,138.104,122.304,133.598,-2.202,-1.62%,122820496
02/27/2020,146,147.954,133.8,135.8,-19.96,-12.81%,121386496
02/26/2020,156.5,162.662,155.222,155.76,-4.222,-2.64%,70767000
02/25/2020,169.8,171.32,157.4,159.982,-6.776,-4.06%,86446496
02/24/2020,167.8,172.7,164.44,166.758,-13.442,-7.46%,75960496
02/21/2020,181.396,182.612,176.09,180.2,0.318,+0.18%,71697000
02/20/2020,182.39,182.4,171.988,179.882,-3.602,-1.96%,88174496
02/19/2020,184.7,188.956,180.204,183.484,11.804,+6.88%,127114496
02/18/2020,168.32,172,166.472,171.68,11.674,+7.30%,83491496
02/14/2020,157.444,162.594,157.1,160.006,-0.794,-0.49%,78468496
02/13/2020,148.368,163.6,147,160.8,7.342,+4.78%,131446496
02/12/2020,155.574,157.95,152.674,153.458,-1.418,-0.92%,60112000
02/11/2020,153.758,156.7012,151.6,154.876,0.62,+0.40%,58487000
02/10/2020,160,163.998,150.48,154.256,4.642,+3.10%,123445496
02/07/2020,146.11,153.95,146,149.614,-0.178,-0.12%,85317496
02/06/2020,139.984,159.166,137.4,149.792,2.852,+1.94%,199403504
02/05/2020,164.652,169.196,140.8221,146.94,-30.472,-17.18%,242118992
02/04/2020,176.994,193.798,166.776,177.412,21.412,+13.73%,304693504
02/03/2020,134.738,157.228,134.704,156,25.886,+19.89%,236166992
01/31/2020,128,130.6,126.504,130.114,1.952,+1.52%,78596000
01/30/2020,126.484,130.176,123.6,128.162,11.964,+10.30%,145028000
01/29/2020,115.138,117.96,113.486,116.198,2.818,+2.49%,91083000
01/28/2020,113.698,115.362,111.616,113.38,1.776,+1.59%,58942000
01/27/2020,108.398,112.888,107.856,111.604,-1.36,-1.20%,68040000
01/24/2020,114.126,114.772,110.852,112.964,-1.476,-1.29%,71768000
01/23/2020,112.85,116.4,111.1205,114.44,0.528,+0.46%,98255000
01/22/2020,114.378,118.9,111.82,113.912,4.472,+4.09%,156844992
01/21/2020,106.05,109.716,105.682,109.44,7.34,+7.19%,89017000
01/17/2020,101.522,103.134,100.632,102.1,-0.598,-0.58%,68145000
01/16/2020,98.75,102.892,98.43401,102.698,-1.002,-0.97%,108683000
01/15/2020,105.952,107.568,103.3571,103.7,-3.884,-3.61%,86844000
01/14/2020,108.2,109.482,104.98,107.584,2.612,+2.49%,145306496
01/13/2020,98.7,105.126,98.4,104.972,9.342,+9.77%,133172496
01/10/2020,96.358,96.988,94.74001,95.63,-0.638,-0.66%,64884000
01/09/2020,99.42001,99.76,94.574,96.268,-2.16,-2.19%,142315504
01/08/2020,94.74001,99.698,93.646,98.428,4.616,+4.92%,155996496
01/07/2020,92.28,94.326,90.672,93.812,3.50399,+3.88%,90989496
01/06/2020,88.094,90.312,88,90.30801,1.706,+1.93%,50787000
01/03/2020,88.1,90.8,87.384,88.60201,2.55001,+2.96%,88973000
01/02/2020,84.9,86.13914,84.342,86.052,2.386,+2.85%,47791500
12/31/2019,81,84.258,80.416,83.666,0.726,+0.88%,51462000
12/30/2019,85.758,85.8,81.85178,82.94,-3.136,-3.64%,63006000
12/27/2019,87,87.062,85.222,86.076,-0.112,-0.13%,49784000
12/26/2019,85.582,86.69601,85.27,86.188,1.138,+1.34%,53241000
12/24/2019,83.672,85.094,82.5375,85.05,1.206,+1.44%,40273500
12/23/2019,82.356,84.402,82,83.844,2.726,+3.36%,66664000
12/20/2019,82.05801,82.6,80.037,81.118,0.30999,+0.38%,73926000
12/19/2019,79.464,81.37,79.3,80.80801,2.17801,+2.77%,90601496
12/18/2019,76.126,79.044,76.116,78.63,2.832,+3.74%,70681496
12/17/2019,75.798,77.1,75.18,75.798,-0.502,-0.66%,42518500
12/16/2019,72.51,76.722,72.5,76.3,4.622,+6.45%,91104496
12/13/2019,72.21,73.042,70.928,71.678,-0.258,-0.36%,32871000
12/12/2019,70.984,72.548,70.646,71.936,1.396,+1.98%,38881000
12/11/2019,70.376,71.43798,70.218,70.54,0.772,+1.11%,34595500
12/10/2019,67.992,70.146,67.862,69.768,1.862,+2.74%,44199500
12/09/2019,67.318,68.89001,67.016,67.906,0.728,+1.08%,45201000
12/06/2019,67,67.772,66.954,67.178,1.104,+1.67%,38094500
12/05/2019,66.566,66.88454,65.45,66.074,-0.532,-0.80%,18684500
12/04/2019,67.55,67.572,66.57,66.606,-0.63401,-0.94%,27681000
12/03/2019,66.524,67.582,66.4372,67.24001,0.26601,+0.40%,33067000
12/02/2019,65.88,67.27654,65.7374,66.974,0.986,+1.49%,30409500
11/29/2019,66.222,66.25201,65.5,65.988,-0.27,-0.41%,12328000
11/27/2019,66.224,66.786,65.714,66.258,0.474,+0.72%,27817000
11/26/2019,67.054,67.1,65.42001,65.784,-1.484,-2.21%,39781000
11/25/2019,68.86401,68.914,66.892,67.268,0.66,+0.99%,61728500
11/22/2019,68.03201,68.2,66,66.608,-4.358,-6.14%,84353000
11/21/2019,70.902,72.168,70.80078,70.966,0.522,+0.74%,30550000
11/20/2019,72,72.24001,69.914,70.444,-1.46,-2.03%,33669500
11/19/2019,70.35,71.998,69.56,71.904,1.906,+2.72%,38680000
11/18/2019,70.58401,70.63,69.22,69.998,-0.43601,-0.62%,22042500
11/15/2019,70.12801,70.56,69.672,70.43401,0.56401,+0.81%,24062500
11/14/2019,69.222,70.768,68.582,69.87,0.648,+0.94%,32358500
11/13/2019,71,71.266,69.036,69.222,-0.764,-1.09%,42326000
11/12/2019,69.38,70.074,68.80801,69.986,0.968,+1.40%,36761500
11/11/2019,68.79,69.83801,68.4,69.018,1.59,+2.36%,49968000
11/08/2019,66.9,67.492,66.5,67.428,0.32,+0.48%,30371000
11/07/2019,65.828,68.3,65.604,67.108,1.792,+2.74%,72336496
11/06/2019,63.6,65.344,62.9,65.316,1.872,+2.95%,39704500
11/05/2019,63.924,64.702,63.2236,63.444,-0.05,-0.08%,34717000
11/04/2019,62.96,64.388,61.852,63.494,0.832,+1.33%,43935000
11/01/2019,63.264,63.296,61.96,62.662,-0.322,-0.51%,31919500
10/31/2019,62.62,63.8,62.6,62.984,-0.018,-0.03%,25334500
10/30/2019,62.6,63.758,61.994,63.002,-0.242,-0.38%,48209000
10/29/2019,63.998,64.86,62.95,63.244,-2.298,-3.51%,63421000
10/28/2019,65.508,68.168,64.52,65.542,-0.084,-0.13%,94351000
10/25/2019,59.544,66,59.222,65.626,5.69,+9.49%,150030000
10/24/2019,60.186,60.986,57.84,59.936,9,+17.67%,149096000
10/23/2019,50.9,51.228,50.27,50.936,-0.18,-0.35%,56080500
10/22/2019,50.864,51.666,50.17,51.116,0.416,+0.82%,23125000
10/21/2019,51.666,51.9,50.036,50.7,-0.69,-1.34%,25540500
10/18/2019,52.14,52.56,51.02,51.39,-1.004,-1.92%,28768000
10/17/2019,52.5,52.956,52.034,52.394,0.444,+0.85%,23895000
10/16/2019,51.478,52.42,51.384,51.95,0.372,+0.72%,33521500
10/15/2019,51.54,52,50.824,51.578,0.186,+0.36%,32397000
10/14/2019,49.58,51.71,49.426,51.392,1.814,+3.66%,51134000
10/11/2019,49.43,50.216,49.362,49.578,0.63,+1.29%,42440500
10/10/2019,49.056,49.856,48.316,48.948,0.042,+0.09%,31567000
10/09/2019,48.264,49.458,48.13,48.906,0.896,+1.87%,34675000
10/08/2019,47.174,48.788,46.9,48.01,0.466,+0.98%,43511500
10/07/2019,45.96,47.712,45.71,47.544,1.258,+2.72%,40434500
10/04/2019,46.322,46.956,45.614,46.286,-0.32,-0.69%,40105500
10/03/2019,46.372,46.896,44.856,46.606,-2.02,-4.15%,75688496
10/02/2019,48.658,48.93,47.886,48.626,-0.312,-0.64%,31282500
10/01/2019,48.3,49.19,47.826,48.938,0.764,+1.59%,30981000
09/30/2019,48.6,48.796,47.22222,48.174,-0.252,-0.52%,29730500
09/27/2019,48.44,49.742,47.746,48.426,-0.086,-0.18%,55615500
09/26/2019,46.132,48.662,45.48,48.512,2.772,+6.06%,60393500
09/25/2019,44.912,45.796,43.672,45.74,1.098,+2.46%,47221000
09/24/2019,48.304,48.398,44.522,44.642,-3.604,-7.47%,64705500
09/23/2019,48,49.03588,47.844,48.246,0.122,+0.25%,21958000
09/20/2019,49.298,49.3892,47.632,48.124,-1.196,-2.42%,32531000
09/19/2019,49.2,49.588,48.968,49.32,0.622,+1.28%,24415500
09/18/2019,49,49.6337,48.474,48.698,-0.26,-0.53%,21140500
09/17/2019,48.494,49.12,48.074,48.958,0.396,+0.82%,19734500
09/16/2019,49.2,49.486,48.234,48.562,-0.478,-0.97%,23640000
09/13/2019,49.392,49.69,48.973,49.04,-0.134,-0.27%,26565500
09/12/2019,49.54,50.7,48.88,49.174,-0.246,-0.50%,42906000
09/11/2019,47.476,49.63482,47.2,49.42,2.312,+4.91%,50213500
09/10/2019,46.16,47.108,45.788,47.108,0.75,+1.62%,24418500
09/09/2019,46,46.752,45.846,46.358,0.868,+1.91%,24013000
09/06/2019,45.44,45.928,45.034,45.49,-0.426,-0.93%,20946500
09/05/2019,44.5,45.96,44.17,45.916,1.78,+4.03%,37016500
09/04/2019,45.378,45.692,43.841,44.136,-0.866,-1.92%,28843000
09/03/2019,44.816,45.79,44.632,45.002,-0.12,-0.27%,26802500
08/30/2019,45.83,46.488,44.8426,45.122,0.78,+1.76%,46638500
08/29/2019,43.8,44.68,43.6,44.342,1.224,+2.84%,25915500
08/28/2019,42.738,43.45,42.462,43.118,0.302,+0.71%,16193000
08/27/2019,43.148,43.76,42.406,42.816,-0.184,-0.43%,27103500
08/26/2019,42.72,43.004,42.308,43,0.72,+1.70%,25272000
08/23/2019,43.994,44.234,42.2,42.28,-2.15,-4.84%,42798500
08/22/2019,44.56,45.08,43.644,44.43,0.264,+0.60%,32824500
08/21/2019,44.402,44.644,43.52,44.166,-1.006,-2.23%,38998500
08/20/2019,45.524,45.818,44.908,45.172,-0.194,-0.43%,20852500
08/19/2019,44.842,45.566,44.34,45.366,1.378,+3.13%,26558500
08/16/2019,43.332,44.448,43.204,43.988,0.86,+1.99%,26036500
08/15/2019,44.172,44.312,42.31,43.128,-0.796,-1.81%,41159500
08/14/2019,46.242,46.3,43.338,43.924,-3.076,-6.54%,47812500
08/13/2019,45.762,47.2,45.51,47,1.198,+2.62%,24344500
08/12/2019,46.598,47.154,45.75,45.802,-1.2,-2.55%,23319500
08/09/2019,47.21,47.792,46.762,47.002,-0.658,-1.38%,19491000
08/08/2019,46.89,47.96,46.53,47.66,0.976,+2.09%,26371500
08/07/2019,45.3,46.71376,45.16,46.684,0.534,+1.16%,23882500
08/06/2019,46.376,46.5,45.15,46.15,0.486,+1.06%,27821000
08/05/2019,45.92,46.27346,45.155,45.664,-1.204,-2.57%,35141000
08/02/2019,46.27,47.254,45.846,46.868,0.098,+0.21%,30682000
08/01/2019,48.53,48.902,46.354,46.77,-1.552,-3.21%,41297500
07/31/2019,48.6,49.336,47.33002,48.322,-0.13,-0.27%,45891000
07/30/2019,46.58,48.672,46.436,48.452,1.298,+2.75%,40545000
07/29/2019,45.418,47.188,45.2065,47.154,1.546,+3.39%,46366500
07/26/2019,45.384,46.052,44.45,45.608,-0.156,-0.34%,50138000
07/25/2019,46.9,46.9,45.11002,45.764,-7.212,-13.61%,112091000
07/24/2019,51.834,53.214,51.63202,52.976,0.942,+1.81%,55364000
07/23/2019,51.342,52.096,50.9,52.034,0.898,+1.76%,25115500
07/22/2019,51.75,52.431,50.83822,51.136,-0.5,-0.97%,34231000
07/19/2019,51.138,51.992,50.924,51.636,0.928,+1.83%,35242000
07/18/2019,51.01,51.15,50.377,50.708,-0.264,-0.52%,23822000
07/17/2019,51.134,51.662,50.67,50.972,0.496,+0.98%,48823500
07/16/2019,49.86,50.706,49.5865,50.476,-0.224,-0.44%,40744500
07/15/2019,49.6,50.884,48.972,50.7,1.684,+3.44%,55000000
07/12/2019,47.95,49.076,47.942,49.016,1.296,+2.72%,46002500
07/11/2019,47.628,48.3,47.16,47.72,-0.064,-0.13%,37572000
07/10/2019,46.83,47.788,46.628,47.784,1.772,+3.85%,45728500
07/09/2019,45.794,46.2,45.456,46.012,-0.056,-0.12%,30954000
07/08/2019,46.248,46.45,45.732,46.068,-0.552,-1.18%,29402500
07/05/2019,46.914,47.09,46.16,46.62,-0.36,-0.77%,35328500
07/03/2019,47.878,48.314,46.902,46.98,2.07,+4.61%,71005496
07/02/2019,45.778,45.83,44.444,44.91,-0.524,-1.15%,46295000
07/01/2019,46.042,46.6199,45.256,45.434,0.742,+1.66%,41189500
06/28/2019,44.198,45.034,44.16,44.692,0.124,+0.28%,34256500
06/27/2019,43.89,44.58,43.47,44.568,0.714,+1.63%,31698500
06/26/2019,44.062,45.446,43.62,43.854,-0.098,-0.22%,42536000
06/25/2019,44.878,45.068,43.898,43.952,-0.776,-1.73%,30910000
06/24/2019,44.648,45.172,44.204,44.728,0.356,+0.80%,28753500
06/21/2019,43.244,44.436,43.1,44.372,0.448,+1.02%,41010000
06/20/2019,44.6,45.38,43.27,43.924,-1.362,-3.01%,59317000
06/19/2019,45.022,45.554,44.212,45.286,0.338,+0.75%,32875500
06/18/2019,45.744,46.948,44.512,44.948,-0.058,-0.13%,63578500
06/17/2019,43.096,45.4,42.854,45.006,2.022,+4.70%,61584000
06/14/2019,42.25,43.33,42.08,42.984,0.202,+0.47%,37167000
06/13/2019,42.076,42.98,41.50206,42.782,0.93,+2.22%,40841000
06/12/2019,44.59,44.676,41.8,41.852,-1.568,-3.61%,75987496
06/11/2019,43.828,44.18,42.7,43.42,0.844,+1.98%,58267500
06/10/2019,42.05,43.388,41.802,42.576,1.676,+4.10%,52925000
06/07/2019,41,42.16876,40.6998,40.9,-0.29,-0.70%,80017496
06/06/2019,40.888,42.2,40.36,41.19,1.872,+4.76%,101210496
06/05/2019,39.736,40.25564,38.36972,39.318,0.598,+1.54%,67553496
06/04/2019,36.22,38.796,35.922,38.72,2.926,+8.17%,69037496
06/03/2019,37.102,37.336,35.39838,35.794,-1.238,-3.34%,65322000
05/31/2019,37.02,37.98408,36.82,37.032,-0.612,-1.63%,52033500
05/30/2019,37.75,38.451,37.404,37.644,-0.328,-0.86%,39632000
05/29/2019,37.42,38.478,37.00802,37.972,0.232,+0.61%,59843000
05/28/2019,38.24,39,37.57,37.74,-0.386,-1.01%,51564500
05/24/2019,39.966,39.996,37.7501,38.126,-0.972,-2.49%,70682496
05/23/2019,37.396,39.893,37.244,39.098,0.552,+1.43%,132735496
05/22/2019,39.82,40.788,38.356,38.546,-2.47,-6.02%,93425496
05/21/2019,39.9,41.48,39.208,41.016,-0.056,-0.14%,90019000
05/20/2019,40.56,41.2,39.05,41.072,-1.134,-2.69%,102630496
05/17/2019,44.392,44.448,41.784,42.206,-3.46,-7.58%,88933000
05/16/2019,45.898,46.2,45.3,45.666,-0.724,-1.56%,37416000
05/15/2019,45.864,46.488,45.05,46.39,-0.072,-0.15%,36479500
05/14/2019,45.86,46.9,45.6,46.462,1.06,+2.33%,36262000
05/13/2019,46.402,46.494,44.9,45.402,-2.502,-5.22%,54173500
05/10/2019,47.95,48.398,47.204,47.904,-0.492,-1.02%,35041500
05/09/2019,48.4,48.736,47.38868,48.396,-0.572,-1.17%,33556500
05/08/2019,49.388,50.1198,48.84,48.968,-0.444,-0.90%,30882000
05/07/2019,51.36,51.442,49.02,49.412,-1.656,-3.24%,50657000
05/06/2019,50.004,51.66998,49.7,51.068,0.062,+0.12%,54169500
05/03/2019,48.772,51.322,48.698,51.006,2.186,+4.48%,118533496
05/02/2019,48.95,49.426,47.544,48.82,2.018,+4.31%,90796496
05/01/2019,47.77,48,46.3,46.802,-0.936,-1.96%,53521500
04/30/2019,48.412,48.842,47.4,47.738,-0.556,-1.15%,47323000
04/29/2019,47.172,48.796,46.434,48.294,1.266,+2.69%,83572000
04/26/2019,49.3,49.336,46.226,47.028,-2.498,-5.04%,111803496
04/25/2019,51,51.8,49.214,49.526,-2.206,-4.26%,109246496
04/24/2019,52.77,53.064,51.6,51.732,-1.048,-1.99%,53637000
04/23/2019,52.03,53.12,51.15,52.78,0.23,+0.44%,54719000
04/22/2019,53.8,53.936,52.496,52.55,-2.102,-3.85%,60735500
04/18/2019,54.246,54.968,53.95,54.652,0.406,+0.75%,29381500
04/17/2019,54.95,54.958,53.707,54.246,-0.426,-0.78%,25632000
04/16/2019,53.15,55,52.944,54.672,1.396,+2.62%,36364500
04/15/2019,53.726,53.776,51.726,53.276,-0.264,-0.49%,50192500
04/12/2019,54.044,54.39,53.366,53.54,-0.144,-0.27%,33729500
04/11/2019,53.66,54.1,53.12,53.684,-1.528,-2.77%,49179500
04/10/2019,55.348,55.676,54.5785,55.212,0.75,+1.38%,35306500
04/09/2019,54.33,55,53.922,54.462,-0.178,-0.33%,29520000
04/08/2019,55.538,56.232,54.088,54.64,-0.352,-0.64%,52052000
04/05/2019,53.972,55.22,53.222,54.992,1.436,+2.68%,65191000
04/04/2019,52.378,54.24,52.118,53.556,-4.806,-8.23%,118603496
04/03/2019,57.464,59.234,57.434,58.362,1.186,+2.07%,39649000
04/02/2019,57.66,57.888,56.776,57.176,-0.66,-1.14%,27394500
04/01/2019,56.524,57.84,56.2562,57.836,1.864,+3.33%,40552000
03/29/2019,55.74,56.032,54.9,55.972,0.248,+0.45%,29956500
03/28/2019,55.432,56.066,55.02,55.724,0.758,+1.38%,33870000
03/27/2019,53.75,55.074,53.63676,54.966,1.412,+2.64%,43895500
03/26/2019,52.888,54.052,52.886,53.554,1.47,+2.82%,36754500
03/25/2019,51.942,52.636,50.892,52.084,-0.822,-1.55%,51075000
03/22/2019,54.516,54.56,52.8,52.906,-1.898,-3.46%,43728000
03/21/2019,54.52,55.29,53.69,54.804,0.084,+0.15%,29735000
03/20/2019,53.938,54.994,53.26,54.72,1.226,+2.29%,34541000
"Downloaded from Barchart.com as of 04-12-2021 07:19am CDT"
